Protein,Position,Sequence,Prediction score,Prediction category
1,7,XXXXXXXXXXXXXVYLAREKKSHFIVALKVLFKSQIEKE,0.114,No
1,8,XXXXXXXXXXXXVYLAREKKSHFIVALKVLFKSQIEKEG,0.495,No
1,16,XXXXVYLAREKKSHFIVALKVLFKSQIEKEGVEHQLRRE,0.158,No
1,20,VYLAREKKSHFIVALKVLFKSQIEKEGVEHQLRREIEIQ,0.279,No
1,25,EKKSHFIVALKVLFKSQIEKEGVEHQLRREIEIQXXXXX,0.341,No
1,11,XXXXXXXXXPPQNHMLLEHKMERPGPSLKRVGPVAATYP,0.864,Very High confidence
1,20,PPQNHMLLEHKMERPGPSLKRVGPVAATYPMLNKKGPVP,0.603,Medium confidence
1,34,PGPSLKRVGPVAATYPMLNKKGPVPXXXXXXXXXXXXXX,0.788,High confidence
1,35,GPSLKRVGPVAATYPMLNKKGPVPXXXXXXXXXXXXXXX,0.362,No
1,4,XXXXXXXXXXXXXXXXSCGKFQTKGIKVVGKWKEVKIDP,0.752,High confidence
1,8,XXXXXXXXXXXXSCGKFQTKGIKVVGKWKEVKIDPNMFA,0.755,High confidence
1,11,XXXXXXXXXSCGKFQTKGIKVVGKWKEVKIDPNMFADGQ,0.743,High confidence
1,15,XXXXXSCGKFQTKGIKVVGKWKEVKIDPNMFADGQMDDL,0.551,Medium confidence
1,17,XXXSCGKFQTKGIKVVGKWKEVKIDPNMFADGQMDDLVC,0.208,No
1,20,SCGKFQTKGIKVVGKWKEVKIDPNMFADGQMDDLVCFEE,0.823,High confidence
1,3,XXXXXXXXXXXXXXXXXLGKTVEVLALILTHTRQDVKQD,0.249,No
1,20,LGKTVEVLALILTHTRQDVKQDALTLPEGKVVNYFIPSH,0.776,High confidence
1,30,ILTHTRQDVKQDALTLPEGKVVNYFIPSHXXXXXXXXXX,0.764,High confidence
1,20,EPPVALAPGPAPTRCLPGHKEEEDGEGAGPGEQGGGKLV,0.796,High confidence
1,37,GHKEEEDGEGAGPGEQGGGKLVXXXXXXXXXXXXXXXXX,0.66,Medium confidence
1,20,NNSFILHQRVHTGERPFECKQCGKGYVTRSGLYQHWKVH,0.804,High confidence
1,24,ILHQRVHTGERPFECKQCGKGYVTRSGLYQHWKVHXXXX,0.806,High confidence
1,37,ECKQCGKGYVTRSGLYQHWKVHXXXXXXXXXXXXXXXXX,0.641,Medium confidence
1,20,ASDGIMVARGDLGIEIPAEKVFLAQKMMIGRCNRAGKPV,0.719,High confidence
1,26,VARGDLGIEIPAEKVFLAQKMMIGRCNRAGKPVXXXXXX,0.826,High confidence
1,37,AEKVFLAQKMMIGRCNRAGKPVXXXXXXXXXXXXXXXXX,0.367,No
1,2,XXXXXXXXXXXXXXXXXXRKLFNKALATYSKDFIFVQKM,0.364,No
1,6,XXXXXXXXXXXXXXRKLFNKALATYSKDFIFVQKMVKSK,0.801,High confidence
1,13,XXXXXXXRKLFNKALATYSKDFIFVQKMVKSKTVAQCVE,0.653,Medium confidence
1,20,RKLFNKALATYSKDFIFVQKMVKSKTVAQCVEYYYTWKK,0.716,High confidence
1,23,FNKALATYSKDFIFVQKMVKSKTVAQCVEYYYTWKKXXX,0.143,No
1,25,KALATYSKDFIFVQKMVKSKTVAQCVEYYYTWKKXXXXX,0.524,Medium confidence
1,38,QKMVKSKTVAQCVEYYYTWKKXXXXXXXXXXXXXXXXXX,0.269,No
1,39,KMVKSKTVAQCVEYYYTWKKXXXXXXXXXXXXXXXXXXX,0.094,No
1,20,XXXXXXXXXXXXXXXXXMAKQYDSVECPFCDEVSKYEKL,0.728,High confidence
1,35,XXMAKQYDSVECPFCDEVSKYEKLXXXXXXXXXXXXXXX,0.848,High confidence
1,38,AKQYDSVECPFCDEVSKYEKLXXXXXXXXXXXXXXXXXX,0.24,No
1,4,XXXXXXXXXXXXXXXXISGKMALNHPYFNDLDNQIKKMX,0.767,High confidence
1,20,ISGKMALNHPYFNDLDNQIKKMXXXXXXXXXXXXXXXXX,0.769,High confidence
1,21,SGKMALNHPYFNDLDNQIKKMXXXXXXXXXXXXXXXXXX,0.217,No
0,7,XXXXXXXXXXXXXPSAEVEKWTQSSSSAFLEEKIHLKEL,0.535,Medium confidence
0,20,PSAEVEKWTQSSSSAFLEEKIHLKELYEVIGCVPVDDLE,0.476,No
0,24,VEKWTQSSSSAFLEEKIHLKELYEVIGCVPVDDLEXXXX,0.302,No
0,20,GALDILQMLGRAGRPQYDTKGEGILITSHGELQYYLSLL,0.453,No
0,15,XXXXXAAEDPSLDFRNNPTKEDLGKLQPLVASYLCSDVT,0.762,High confidence
0,20,AAEDPSLDFRNNPTKEDLGKLQPLVASYLCSDVTSVPSK,0.488,No
0,39,KLQPLVASYLCSDVTSVPSKXXXXXXXXXXXXXXXXXXX,0.409,No
0,20,VDEEDEDEEMVDMMNNRFRKDMMKNASESKLSKDNLKKR,0.126,No
0,24,DEDEEMVDMMNNRFRKDMMKNASESKLSKDNLKKRXXXX,0.283,No
0,30,VDMMNNRFRKDMMKNASESKLSKDNLKKRXXXXXXXXXX,0.771,High confidence
0,33,MNNRFRKDMMKNASESKLSKDNLKKRXXXXXXXXXXXXX,0.545,Medium confidence
0,37,FRKDMMKNASESKLSKDNLKKRXXXXXXXXXXXXXXXXX,0.202,No
0,38,RKDMMKNASESKLSKDNLKKRXXXXXXXXXXXXXXXXXX,0.063,No
0,9,XXXXXXXXXXXQNTDLSEIKEEEQVKSTDRKSAVEAQNE,0.921,Very High confidence
0,15,XXXXXQNTDLSEIKEEEQVKSTDRKSAVEAQNEVTENPK,0.532,Medium confidence
0,20,QNTDLSEIKEEEQVKSTDRKSAVEAQNEVTENPKQKIAA,0.6,Medium confidence
0,34,KSTDRKSAVEAQNEVTENPKQKIAAXXXXXXXXXXXXXX,0.811,High confidence
0,36,TDRKSAVEAQNEVTENPKQKIAAXXXXXXXXXXXXXXXX,0.372,No
0,5,XXXXXXXXXXXXXXXNEDPKDALLREFQEEIARLKAQLE,0.672,Medium confidence
0,20,NEDPKDALLREFQEEIARLKAQLEKRSIGRRKRREKRRE,0.421,No
0,25,DALLREFQEEIARLKAQLEKRSIGRRKRREKRREXXXXX,0.13,No
0,32,QEEIARLKAQLEKRSIGRRKRREKRREXXXXXXXXXXXX,0.039,No
0,36,ARLKAQLEKRSIGRRKRREKRREXXXXXXXXXXXXXXXX,0.07,No
0,20,SMDQEYAGPGYDIRDWELRKIHRAAIKGDAAEVERCLTR,0.104,No
0,27,GPGYDIRDWELRKIHRAAIKGDAAEVERCLTRXXXXXXX,0.864,Very High confidence
0,5,XXXXXXXXXXXXXXXENTFKCNDKADTSSLIINNKLICN,0.613,Medium confidence
0,9,XXXXXXXXXXXENTFKCNDKADTSSLIINNKLICNETVE,0.465,No
0,20,ENTFKCNDKADTSSLIINNKLICNETVEVPKDSKSKICS,0.294,No
0,31,TSSLIINNKLICNETVEVPKDSKSKICSXXXXXXXXXXX,0.638,Medium confidence
0,34,LIINNKLICNETVEVPKDSKSKICSXXXXXXXXXXXXXX,0.219,No
0,36,INNKLICNETVEVPKDSKSKICSXXXXXXXXXXXXXXXX,0.217,No
0,19,XTRDLGHDRVLVEGIVCISKKHLDKYIPYKYVIYNGESF,0.577,Medium confidence
0,20,TRDLGHDRVLVEGIVCISKKHLDKYIPYKYVIYNGESFE,0.148,No
0,24,GHDRVLVEGIVCISKKHLDKYIPYKYVIYNGESFEXXXX,0.582,Medium confidence
0,29,LVEGIVCISKKHLDKYIPYKYVIYNGESFEXXXXXXXXX,0.359,No
0,6,XXXXXXXXXXXXXXNTRLYKWLPQNDLLGHPKTKAFITH,0.805,High confidence
0,18,XXNTRLYKWLPQNDLLGHPKTKAFITHGGTNGIYEAIYH,0.7,High confidence
0,20,NTRLYKWLPQNDLLGHPKTKAFITHGGTNGIYEAIYHGI,0.496,No
0,5,XXXXXXXXXXXXXXXRIPEKKNIMSSRHWGPIFVKLTDT,0.236,No
0,6,XXXXXXXXXXXXXXRIPEKKNIMSSRHWGPIFVKLTDTG,0.743,High confidence
0,20,RIPEKKNIMSSRHWGPIFVKLTDTGYLQLYYEQGLEKPF,0.199,No
0,37,FVKLTDTGYLQLYYEQGLEKPFXXXXXXXXXXXXXXXXX,0.538,Medium confidence
0,1,XXXXXXXXXXXXXXXXXXXKEESVISLQASYMGKENLKK,0.703,High confidence
0,15,XXXXXKEESVISLQASYMGKENLKKRIAEIEIVKEEFNE,0.603,Medium confidence
0,19,XKEESVISLQASYMGKENLKKRIAEIEIVKEEFNEHLEV,0.089,No
0,20,KEESVISLQASYMGKENLKKRIAEIEIVKEEFNEHLEVV,0.08,No
0,29,ASYMGKENLKKRIAEIEIVKEEFNEHLEVVXXXXXXXXX,0.856,Very High confidence
1,10,XXXXXXXXXXNDTVTIRTRKFMTNRLLQRKQMVIDVLHP,0.647,Medium confidence
1,20,NDTVTIRTRKFMTNRLLQRKQMVIDVLHPGKATVPKTEI,0.469,No
1,31,MTNRLLQRKQMVIDVLHPGKATVPKTEIXXXXXXXXXXX,0.719,High confidence
1,36,LQRKQMVIDVLHPGKATVPKTEIXXXXXXXXXXXXXXXX,0.88,Very High confidence
1,20,SPSFSRPASTIARPNMALGKKAADSLQQNLQRDYDRAMS,0.627,Medium confidence
1,21,PSFSRPASTIARPNMALGKKAADSLQQNLQRDYDRAMSX,0.744,High confidence
1,1,XXXXXXXXXXXXXXXXXXXKAIKNHKPSVLLGFDMSELK,0.216,No
1,4,XXXXXXXXXXXXXXXXKAIKNHKPSVLLGFDMSELKNVK,0.573,Medium confidence
1,7,XXXXXXXXXXXXXKAIKNHKPSVLLGFDMSELKNVKHRL,0.766,High confidence
1,20,KAIKNHKPSVLLGFDMSELKNVKHRLNFEYEPXXXXXXX,0.795,High confidence
1,23,KNHKPSVLLGFDMSELKNVKHRLNFEYEPXXXXXXXXXX,0.221,No
1,1,XXXXXXXXXXXXXXXXXXXKPKQDTKYDLILDEQAEDSK,0.29,No
1,3,XXXXXXXXXXXXXXXXXKPKQDTKYDLILDEQAEDSKSS,0.421,No
1,7,XXXXXXXXXXXXXKPKQDTKYDLILDEQAEDSKSSHSHT,0.745,High confidence
1,20,KPKQDTKYDLILDEQAEDSKSSHSHTSKKHKKKTHHCSE,0.659,Medium confidence
1,28,DLILDEQAEDSKSSHSHTSKKHKKKTHHCSEXXXXXXXX,0.258,No
1,29,LILDEQAEDSKSSHSHTSKKHKKKTHHCSEXXXXXXXXX,0.042,No
1,31,LDEQAEDSKSSHSHTSKKHKKKTHHCSEXXXXXXXXXXX,0.044,No
1,32,DEQAEDSKSSHSHTSKKHKKKTHHCSEXXXXXXXXXXXX,0.053,No
1,33,EQAEDSKSSHSHTSKKHKKKTHHCSEXXXXXXXXXXXXX,0.171,No
1,5,XXXXXXXXXXXXXXXSHLDKASVMRLTISYLRVRKLLDA,0.441,No
1,20,SHLDKASVMRLTISYLRVRKLLDAGDLDIEDDMKAQMNC,0.451,No
1,34,YLRVRKLLDAGDLDIEDDMKAQMNCXXXXXXXXXXXXXX,0.858,Very High confidence
1,20,SYGPRAEEYEFLTPVEEAPKGMLARGSYSIKSRFTDDDK,0.819,High confidence
1,31,LTPVEEAPKGMLARGSYSIKSRFTDDDKXXXXXXXXXXX,0.745,High confidence
1,39,KGMLARGSYSIKSRFTDDDKXXXXXXXXXXXXXXXXXXX,0.436,No
1,1,XXXXXXXXXXXXXXXXXXXKPNRKLTFLYLANDVIQNSK,0.122,No
1,5,XXXXXXXXXXXXXXXKPNRKLTFLYLANDVIQNSKRKGP,0.588,Medium confidence
1,20,KPNRKLTFLYLANDVIQNSKRKGPEFTKDFAPVIVEAFK,0.568,Medium confidence
1,22,NRKLTFLYLANDVIQNSKRKGPEFTKDFAPVIVEAFKXX,0.387,No
1,28,LYLANDVIQNSKRKGPEFTKDFAPVIVEAFKXXXXXXXX,0.753,High confidence
1,39,KRKGPEFTKDFAPVIVEAFKXXXXXXXXXXXXXXXXXXX,0.722,High confidence
1,10,XXXXXXXXXXNSRFLDPRNKISFKFDHLRKEASDPQPEE,0.507,Medium confidence
1,14,XXXXXXNSRFLDPRNKISFKFDHLRKEASDPQPEEADGG,0.819,High confidence
1,20,NSRFLDPRNKISFKFDHLRKEASDPQPEEADGGLKSWRE,0.433,No
1,35,DHLRKEASDPQPEEADGGLKSWREXXXXXXXXXXXXXXX,0.773,High confidence
1,3,XXXXXXXXXXXXXXXXXLLKGKVVVGHALHNDFQALKYV,0.378,No
1,5,XXXXXXXXXXXXXXXLLKGKVVVGHALHNDFQALKYVHP,0.735,High confidence
1,20,LLKGKVVVGHALHNDFQALKYVHPRSQTRDTTYVPNFLS,0.683,Medium confidence
1,20,SPVAEDASRRRPCRACVDFKTWMRTQQKRDTKFREDCPP,0.756,High confidence
1,28,RRRPCRACVDFKTWMRTQQKRDTKFREDCPPXXXXXXXX,0.219,No
1,32,CRACVDFKTWMRTQQKRDTKFREDCPPXXXXXXXXXXXX,0.413,No
1,20,LLSSSHRLFEDQRFGSSLFKMSSEMHSLHNHLQSPWSTS,0.382,No
1,20,DNIDPNAVGNCNRLTGECLKCIYNTAGFYCDRCKDGFFG,0.315,No
1,34,TGECLKCIYNTAGFYCDRCKDGFFGXXXXXXXXXXXXXX,0.453,No
0,4,XXXXXXXXXXXXXXXXWESKEEKAKPFQNAAKQQAKEED,0.75,High confidence
0,7,XXXXXXXXXXXXXWESKEEKAKPFQNAAKQQAKEEDKEK,0.315,No
0,9,XXXXXXXXXXXWESKEEKAKPFQNAAKQQAKEEDKEKTK,0.666,Medium confidence
0,16,XXXXWESKEEKAKPFQNAAKQQAKEEDKEKTKLKEPGLL,0.595,Medium confidence
0,20,WESKEEKAKPFQNAAKQQAKEEDKEKTKLKEPGLLSLVD,0.568,Medium confidence
0,24,EEKAKPFQNAAKQQAKEEDKEKTKLKEPGLLSLVDXXXX,0.189,No
0,26,KAKPFQNAAKQQAKEEDKEKTKLKEPGLLSLVDXXXXXX,0.124,No
0,28,KPFQNAAKQQAKEEDKEKTKLKEPGLLSLVDXXXXXXXX,0.177,No
0,30,FQNAAKQQAKEEDKEKTKLKEPGLLSLVDXXXXXXXXXX,0.725,High confidence
0,10,XXXXXXXXXXQTGGSATLSKIQKSSGIPVKPVNGRKTSL,0.809,High confidence
0,13,XXXXXXXQTGGSATLSKIQKSSGIPVKPVNGRKTSLDVS,0.787,High confidence
0,20,QTGGSATLSKIQKSSGIPVKPVNGRKTSLDVSNSAEPGF,0.802,High confidence
0,26,TLSKIQKSSGIPVKPVNGRKTSLDVSNSAEPGFXXXXXX,0.626,Medium confidence
0,20,QHVGNVQDFLRVLFGFLYRKTDFYRLLRHPSDRMGFPPG,0.208,No
0,9,XXXXXXXXXXXSMIFETTTKNETIAQEDKIKLLKAAFLQ,0.747,High confidence
0,18,XXSMIFETTTKNETIAQEDKIKLLKAAFLQYCRKDLGHA,0.432,No
0,20,SMIFETTTKNETIAQEDKIKLLKAAFLQYCRKDLGHAQM,0.107,No
0,23,FETTTKNETIAQEDKIKLLKAAFLQYCRKDLGHAQMXXX,0.522,Medium confidence
0,32,IAQEDKIKLLKAAFLQYCRKDLGHAQMXXXXXXXXXXXX,0.399,No
0,20,LQAHEHLSWLHEINSQELEKAHATLLGLANMETRYFAKK,0.253,No
0,38,EKAHATLLGLANMETRYFAKKXXXXXXXXXXXXXXXXXX,0.15,No
0,39,KAHATLLGLANMETRYFAKKXXXXXXXXXXXXXXXXXXX,0.121,No
0,3,XXXXXXXXXXXXXXXXXSQKPFKFIAREEQKRAAREKQL,0.756,High confidence
0,6,XXXXXXXXXXXXXXSQKPFKFIAREEQKRAAREKQLRDF,0.829,High confidence
0,14,XXXXXXSQKPFKFIAREEQKRAAREKQLRDFLKYKKKTN,0.229,No
0,20,SQKPFKFIAREEQKRAAREKQLRDFLKYKKKTNRFKARP,0.125,No
0,27,IAREEQKRAAREKQLRDFLKYKKKTNRFKARPXXXXXXX,0.297,No
0,29,REEQKRAAREKQLRDFLKYKKKTNRFKARPXXXXXXXXX,0.064,No
0,30,EEQKRAAREKQLRDFLKYKKKTNRFKARPXXXXXXXXXX,0.058,No
0,31,EQKRAAREKQLRDFLKYKKKTNRFKARPXXXXXXXXXXX,0.076,No
0,36,AREKQLRDFLKYKKKTNRFKARPXXXXXXXXXXXXXXXX,0.309,No
0,15,XXXXXHQEAFMIGDGTVELKKYQSKQEELQKDMQGSAQA,0.689,Medium confidence
0,16,XXXXHQEAFMIGDGTVELKKYQSKQEELQKDMQGSAQAL,0.238,No
0,20,HQEAFMIGDGTVELKKYQSKQEELQKDMQGSAQALAEVV,0.651,Medium confidence
0,26,IGDGTVELKKYQSKQEELQKDMQGSAQALAEVVXXXXXX,0.43,No
0,20,ATLYMGGHGSRHSLASTDEKRELLGRGPEDEIGDPLAXX,0.78,High confidence
0,20,MRFPESSVADRRRLFERDGKACSTLSLSGPELKQFQQSA,0.723,High confidence
0,33,LFERDGKACSTLSLSGPELKQFQQSAXXXXXXXXXXXXX,0.793,High confidence
0,3,XXXXXXXXXXXXXXXXXGLKGQKGAPAKEEDIELDAKGD,0.533,Medium confidence
0,6,XXXXXXXXXXXXXXGLKGQKGAPAKEEDIELDAKGDPGL,0.442,No
0,11,XXXXXXXXXGLKGQKGAPAKEEDIELDAKGDPGLPGAPG,0.843,High confidence
0,20,GLKGQKGAPAKEEDIELDAKGDPGLPGAPGPQGLPGPPG,0.518,Medium confidence
0,2,XXXXXXXXXXXXXXXXXXIKPIEDKGEFSVPSCYGNIKN,0.834,High confidence
0,7,XXXXXXXXXXXXXIKPIEDKGEFSVPSCYGNIKNDNGGS,0.757,High confidence
0,20,IKPIEDKGEFSVPSCYGNIKNDNGGSSLTFEHPLDDVNV,0.794,High confidence
0,3,XXXXXXXXXXXXXXXXXLNKACLKTEPSLRCGLQYQKKT,0.752,High confidence
0,7,XXXXXXXXXXXXXLNKACLKTEPSLRCGLQYQKKTLRPR,0.934,Very High confidence
0,20,LNKACLKTEPSLRCGLQYQKKTLRPRCILGVTQKTIWTQ,0.431,No
0,21,NKACLKTEPSLRCGLQYQKKTLRPRCILGVTQKTIWTQX,0.171,No
0,34,GLQYQKKTLRPRCILGVTQKTIWTQXXXXXXXXXXXXXX,0.552,Medium confidence
0,9,XXXXXXXXXXXFELVHIDTKSATQMFELTRKRLTHSEAY,0.658,Medium confidence
0,20,FELVHIDTKSATQMFELTRKRLTHSEAYPHFMSILHHCL,0.11,No
